id,first_name,last_name,street_address,city,state,zip
1,Ruby,Sloane,5 Moose Park,Brooklyn,New York,11231
2,Reinaldos,Treend,313 Westport Junction,Staten Island,New York,10310
3,Cathryn,Shildrake,002 Bluejay Terrace,Columbia,South Carolina,29208
4,Kordula,Calcutt,74291 Weeping Birch Street,Topeka,Kansas,66699
5,Cam,Bennie,4934 Crownhardt Way,New Orleans,Louisiana,70124
6,Aubree,Gwilliams,9 Golf View Center,Charleston,West Virginia,25356
7,Yasmin,Eliot,109 Tennyson Pass,Pittsburgh,Pennsylvania,15274
8,Bliss,Palke,8725 Riverside Road,Las Vegas,Nevada,89150
9,Emmott,Maddison,0146 Glendale Place,Saint Paul,Minnesota,55127
10,Blinni,Scedall,0194 Cambridge Court,Mobile,Alabama,36622
11,Joe,MacComiskey,82 Graceland Street,Metairie,Louisiana,70005
12,Scot,Matejic,277 Sachs Plaza,Akron,Ohio,44329
13,Mari,Caldes,6 Longview Trail,Minneapolis,Minnesota,55458
14,Katuscha,Prop,051 Kropf Plaza,Sandy,Utah,84093
15,Gaelan,Figiovanni,2 Gateway Pass,Lakewood,Washington,98498
16,Bobina,Hadleigh,1 Sheridan Crossing,Phoenix,Arizona,85072
17,Culley,Housley,4805 Johnson Point,Saint Louis,Missouri,63169
18,Sephira,Fieldsend,6 Raven Trail,Pensacola,Florida,32595
19,Richy,Malek,5 Laurel Lane,Columbia,South Carolina,29220
20,Nowell,Launder,0818 Moland Pass,Washington,District of Columbia,20404
21,Kym,Dailly,35 Welch Plaza,Tallahassee,Florida,32314
22,Elfie,Robottom,8 Grim Place,Kansas City,Missouri,64193
23,Hussein,Rabb,24 Macpherson Park,Indianapolis,Indiana,46278
24,Tait,Jacobi,04122 Merry Avenue,Columbus,Georgia,31914
25,Allan,Alesbrook,11 Farwell Way,Miami,Florida,33164
26,Thacher,Rowell,767 Superior Street,San Jose,California,95108
27,Gretchen,Goodsall,0739 Thackeray Place,Inglewood,California,90310
28,Dita,Duffan,2 Burrows Court,Burbank,California,91520
29,Sherwood,Bean,337 Loeprich Crossing,Louisville,Kentucky,40250
30,Myrtice,De Wolfe,4 Derek Street,Los Angeles,California,90020
31,Rozele,Gonzalo,82 Bellgrove Street,Phoenix,Arizona,85083
32,Basilius,Uwins,6 Lyons Way,Norfolk,Virginia,23520
33,Haskel,Toolin,462 Riverside Trail,Honolulu,Hawaii,96825
34,Eldin,Grieger,7319 Starling Pass,Terre Haute,Indiana,47812
35,Tannie,Loverock,767 Sloan Circle,Little Rock,Arkansas,72215
36,Lisa,Twitty,1587 Main Park,Salt Lake City,Utah,84120
37,Kelcy,Bulfoot,0 Tennyson Crossing,Glendale,California,91210
38,Jean,Gallon,01833 Emmet Junction,Staten Island,New York,10305
39,Alfonse,Lochrie,26850 Springview Hill,Louisville,Kentucky,40205
40,Gale,Frankcombe,2 Maple Wood Plaza,Austin,Texas,78769
41,Jen,Humbert,32721 Sachs Hill,Jacksonville,Florida,32277
42,Rhianna,Loding,6 Loftsgordon Crossing,Spartanburg,South Carolina,29305
43,Brigham,Sleite,685 Hansons Center,Newark,New Jersey,07104
44,Eduino,Standish,0523 Stuart Road,Naples,Florida,34108
45,Marnie,Klemke,38327 Sauthoff Park,Oklahoma City,Oklahoma,73197
46,Norman,Worsnip,35405 Hagan Circle,Fairfax,Virginia,22036
47,Iago,Brandi,42546 Merchant Drive,Newton,Massachusetts,02162
48,Benton,Goldwater,1708 Sundown Center,Peoria,Illinois,61640
49,Evelina,Antuoni,511 Harper Street,Erie,Pennsylvania,16565
50,Wade,Jack,0 Cody Plaza,Madison,Wisconsin,53710
51,Lorri,Fyldes,056 Homewood Pass,Dallas,Texas,75226
52,Temp,Worthing,094 Meadow Vale Lane,Charlotte,North Carolina,28256
53,Gizela,Whittaker,17230 Little Fleur Point,El Paso,Texas,88519
54,Alyss,Downing,06 Lakewood Way,Fort Pierce,Florida,34949
55,Maurise,Bowell,973 Calypso Way,El Paso,Texas,79994
56,Darrel,Niles,054 Hanover Pass,Huntington,West Virginia,25770
57,Kale,Dix,854 Northport Trail,Sacramento,California,94297
58,Babb,Sagerson,9 Roxbury Hill,Edmond,Oklahoma,73034
59,Whitman,Tesmond,38 Loftsgordon Trail,Albuquerque,New Mexico,87190
60,Margaretha,Ellacombe,146 Fairfield Crossing,North Little Rock,Arkansas,72199
61,Sydney,Donn,09 Annamark Crossing,Buffalo,New York,14215
62,Howey,Lifsey,401 Sachtjen Trail,Salt Lake City,Utah,84110
63,Frasquito,Jarrold,6 Cascade Terrace,Houston,Texas,77070
64,Agnola,Marusic,31 Anthes Park,Boston,Massachusetts,02283
65,Hedvige,Caltun,94 Esch Street,Pasadena,California,91103
66,Ansley,Burgot,086 Tomscot Trail,Roanoke,Virginia,24009
67,Staci,Slowgrove,1333 Straubel Court,Lake Worth,Florida,33462
68,Sandy,Pickaver,067 Dakota Avenue,Dearborn,Michigan,48126
69,Marty,D'Alessandro,20894 Kinsman Terrace,El Paso,Texas,79916
70,Eloisa,Wheble,9 Carberry Drive,Las Vegas,Nevada,89155
71,Reiko,Markussen,51819 Arizona Parkway,New York City,New York,10280
72,Tallia,Josofovitz,44 Algoma Park,West Palm Beach,Florida,33421
73,Genny,MacIlory,9 Anhalt Court,Macon,Georgia,31205
74,Dino,Mapledorum,7136 Browning Crossing,Saint Augustine,Florida,32092
75,Lil,Parslow,81354 Gina Junction,Lexington,Kentucky,40546
76,Joli,Springthorp,72 Lerdahl Parkway,Wilmington,Delaware,19892
77,Ertha,Stennine,46 Ridgeview Street,Syracuse,New York,13251
78,Terrie,Dorow,99094 Sage Lane,Cincinnati,Ohio,45208
79,Wiatt,Andrew,63817 Arkansas Center,Bridgeport,Connecticut,06606
80,Garik,Simunek,48263 Lerdahl Drive,Washington,District of Columbia,20392
81,Bevin,Cullivan,70 Harper Hill,Houston,Texas,77080
82,Butch,Spon,453 Carberry Street,Sarasota,Florida,34276
83,Danit,Murrigan,180 Hollow Ridge Terrace,Dallas,Texas,75392
84,Yankee,Raoul,4 Briar Crest Point,Tampa,Florida,33673
85,Anne-corinne,Brent,96 3rd Avenue,Columbia,Missouri,65211
86,Evania,Woolmer,93254 Holmberg Terrace,Harrisburg,Pennsylvania,17105
87,Tracie,Hastewell,431 High Crossing Trail,Atlanta,Georgia,30358
88,Jilleen,Rootes,89 Commercial Plaza,Colorado Springs,Colorado,80995
89,Della,Cobbing,66265 Vernon Parkway,Fort Worth,Texas,76178
90,Dita,Dunlea,130 Charing Cross Park,Orlando,Florida,32825
91,Tabbatha,Moorhead,0 Del Sol Alley,Birmingham,Alabama,35295
92,Vaclav,Shurmore,32160 Prairie Rose Pass,Des Moines,Iowa,50347
93,Fulton,Racher,4993 Riverside Way,Odessa,Texas,79764
94,Giovanna,Peat,866 Hagan Avenue,Green Bay,Wisconsin,54305
95,Neysa,McAndrew,7863 Lake View Park,Waltham,Massachusetts,02453
96,Ethelbert,Wenham,148 Maple Street,Vancouver,Washington,98664
97,Adolpho,Silberschatz,922 Melody Road,Fairfield,Connecticut,06825
98,Cletis,Coomes,80097 Pond Terrace,Miami,Florida,33283
99,Judie,Broadbear,4 Shelley Crossing,Pompano Beach,Florida,33075
100,Germain,Cassel,32219 Buhler Drive,Lincoln,Nebraska,68583
101,Imelda,Dacombe,27 Haas Point,Dallas,Texas,75265
102,Mora,Allmen,5840 Texas Street,Albany,New York,12262
103,Smitty,Howett,5 Mifflin Parkway,Shawnee Mission,Kansas,66220
104,Delcina,Kenington,2767 Dryden Center,El Paso,Texas,88530
105,Trish,Wreford,88594 Riverside Crossing,Kalamazoo,Michigan,49048
106,Marquita,Huxstep,12278 Golden Leaf Pass,Pittsburgh,Pennsylvania,15250
107,Wylie,Spillane,487 Mendota Center,Ashburn,Virginia,22093
108,Papageno,Mainson,1779 Schurz Plaza,West Palm Beach,Florida,33421
109,Deane,D'eathe,1362 Melvin Court,Cincinnati,Ohio,45249
110,Garrek,Piecha,5 Maple Avenue,Lawrenceville,Georgia,30045
111,Winny,Mahon,514 Prairie Rose Circle,Waterbury,Connecticut,06705
112,Gregorius,McKeown,6 Carpenter Road,Houston,Texas,77281
113,Meghann,Hargroves,519 Trailsway Place,San Diego,California,92165
114,Marcus,Babe,7327 Jay Junction,Salt Lake City,Utah,84125
115,Jennee,Spincks,82903 Northview Plaza,Flint,Michigan,48555
116,Kore,Longea,8 Village Green Drive,Fullerton,California,92835
117,Jameson,Sedworth,484 Scoville Parkway,Anaheim,California,92825
118,Hermann,Huetson,540 Mendota Point,Arlington,Virginia,22244
119,Liane,Parram,9087 Morningstar Parkway,Port Washington,New York,11054
120,James,Kitcatt,240 Harbort Pass,Tulsa,Oklahoma,74193
121,Angie,Trevear,2 Novick Avenue,Lawrenceville,Georgia,30045
122,Merola,Matisoff,36 Sauthoff Place,Washington,District of Columbia,20425
123,Basile,Darragon,6 Mayer Junction,Racine,Wisconsin,53405
124,Karyl,Pardi,97775 Stone Corner Circle,Gatesville,Texas,76598
125,Markus,Fice,2283 Cascade Way,Corona,California,92878
126,Nikolos,Cheavin,78777 Lighthouse Bay Center,Phoenix,Arizona,85035
127,Yoshi,Chetwin,9482 Londonderry Parkway,Fairbanks,Alaska,99709
128,Bellina,Spare,34 Walton Road,New Haven,Connecticut,06533
129,Verene,Curm,829 Spenser Junction,Orlando,Florida,32859
130,Clemente,Connell,73 Granby Park,Louisville,Kentucky,40256
131,Thatcher,Campling,24539 Jenna Park,Gatesville,Texas,76598
132,Tildi,Levene,305 Menomonie Street,Decatur,Illinois,62525
133,Elysia,Normavell,5489 Nelson Circle,Portland,Oregon,97221
134,Willdon,Dinjes,0387 Goodland Alley,Dallas,Texas,75323
135,Aurora,Blezard,246 Hoffman Point,New York City,New York,10292
136,Claudetta,Sieb,59 Morrow Court,Houston,Texas,77035
137,Lynett,Bennie,25923 Clemons Alley,Oklahoma City,Oklahoma,73109
138,Angel,Blanning,9 Buhler Court,Sacramento,California,94245
139,Tully,Kinsey,85 Everett Circle,Seattle,Washington,98140
140,Carrol,Kennicott,56 Barby Way,Saginaw,Michigan,48609
141,Mandy,Thiese,5836 Almo Circle,Cleveland,Ohio,44118
142,Tom,Agglio,29216 Hansons Drive,Greensboro,North Carolina,27409
143,Andrea,Jobbins,0 Weeping Birch Alley,Huntington,West Virginia,25770
144,Harli,Mattia,983 Blue Bill Park Junction,Beaufort,South Carolina,29905
145,Carree,Moorton,1 Esker Alley,Rockville,Maryland,20851
146,Sonya,Shillom,71 Alpine Lane,Sioux Falls,South Dakota,57188
147,Chevy,Hallgalley,59182 Morrow Court,Richmond,Virginia,23237
148,Belle,Milroy,6897 Autumn Leaf Drive,Milwaukee,Wisconsin,53210
149,Judye,Eite,520 Arizona Trail,North Las Vegas,Nevada,89087
150,Dmitri,Smoote,85 Waubesa Center,Clearwater,Florida,34615
151,Irena,Barr,0 Forest Run Way,Rochester,Minnesota,55905
152,Gregoor,Fadden,2 North Place,Baltimore,Maryland,21265
153,Mariya,Gronow,2 Mallard Crossing,San Diego,California,92186
154,Pansy,McLachlan,5322 Vidon Avenue,Fresno,California,93721
155,Rivkah,Boldero,25823 Helena Street,Daytona Beach,Florida,32123
156,Lloyd,Jacombs,33786 Northland Alley,Lansing,Michigan,48956
157,Mickie,Vitte,8 Arrowood Way,Pensacola,Florida,32575
158,Cristina,Alvey,10809 8th Plaza,Miami,Florida,33147
159,Wolf,Purdey,95 Spohn Crossing,Baltimore,Maryland,21275
160,Della,Ivanyushkin,79494 Carpenter Circle,Fort Wayne,Indiana,46825
161,Cyndi,Trebble,6352 Loftsgordon Parkway,Brooklyn,New York,11205
162,Claudia,Biaggioli,4038 Kropf Plaza,Madison,Wisconsin,53779
163,Orelle,Moseby,03379 Portage Park,Palo Alto,California,94302
164,Clo,Tolworthie,119 Service Point,Bethesda,Maryland,20892
165,Ekaterina,Clegg,003 Becker Road,San Francisco,California,94154
166,Jarrod,Brosenius,8 Burrows Pass,Augusta,Georgia,30911
167,Sande,Whyard,37058 Goodland Junction,Boise,Idaho,83716
168,Thornie,McCooke,91 Muir Street,Johnson City,Tennessee,37605
169,Murvyn,Dobbie,915 Summer Ridge Alley,Shreveport,Louisiana,71166
170,Lenna,Brasener,8108 Dorton Drive,Buffalo,New York,14233
171,Mirna,Currier,7 Pond Court,Springfield,Illinois,62776
172,Shelba,Ronayne,8862 Debs Crossing,Miami Beach,Florida,33141
173,Loella,Snelgar,1753 Montana Lane,Baton Rouge,Louisiana,70894
174,Morlee,Reeman,80 Dapin Alley,San Antonio,Texas,78278
175,Cindie,Feenan,16884 Karstens Hill,Washington,District of Columbia,20005
176,Leena,Denziloe,6 Daystar Road,Las Vegas,Nevada,89166
177,Annabel,Tregido,021 Dexter Pass,Jamaica,New York,11447
178,Aurel,Gebuhr,14031 Scoville Court,Sandy,Utah,84093
179,Khalil,Jacobovitch,75949 Garrison Court,Herndon,Virginia,22070
180,Vin,Reddlesden,72 Fuller Junction,Irvine,California,92717
181,Ryley,Farlane,1728 Shelley Plaza,Van Nuys,California,91406
182,Dennet,McManus,006 Corry Street,Beaumont,Texas,77705
183,Adara,Nanelli,9 Messerschmidt Terrace,Grand Rapids,Michigan,49505
184,Bel,Linzee,75508 Rieder Circle,Fort Worth,Texas,76198
185,Theodore,Zarb,13 Clarendon Park,Baltimore,Maryland,21229
186,Clark,MacCafferty,7 Briar Crest Street,Winter Haven,Florida,33884
187,Conrado,Goff,459 Drewry Lane,Washington,District of Columbia,20057
188,Kailey,Petasch,4253 Jay Crossing,Atlanta,Georgia,31136
189,Marji,Branston,8 Sage Crossing,Nashville,Tennessee,37215
190,Delmer,Gelderd,507 Loeprich Alley,El Paso,Texas,79934
191,Ingar,Tripony,9418 Ridgeview Avenue,Beaumont,Texas,77705
192,Rowland,Fockes,33294 Randy Center,Denver,Colorado,80270
193,Alex,Vaudin,012 Springview Terrace,Saint Petersburg,Florida,33742
194,Kerry,Reding,840 Gerald Junction,Great Neck,New York,11024
195,Schuyler,Garrit,48 Rusk Street,Brooklyn,New York,11225
196,Phyllida,Millmoe,4 Spenser Avenue,Round Rock,Texas,78682
197,Chrysa,Mechan,65394 2nd Court,Newark,Delaware,19714
198,Courtney,Rupp,76 Golf View Hill,Helena,Montana,59623
199,Milzie,Haythorn,35138 Mesta Park,Nashville,Tennessee,37250
200,Clemence,Dart,85 Washington Pass,Pasadena,California,91186
201,Bethina,Twatt,67 Packers Terrace,Bakersfield,California,93386
202,Earlie,BURWIN,52 Little Fleur Point,Berkeley,California,94712
203,Zacharias,Sinisbury,0 Buell Center,Oklahoma City,Oklahoma,73124
204,Horst,Niess,68 Green Terrace,Kent,Washington,98042
205,Milt,Castagna,98 Welch Way,San Diego,California,92110
206,Claire,Losano,83 Bunting Road,Washington,District of Columbia,20226
207,Trueman,MacAnelley,82775 Rowland Hill,Hialeah,Florida,33013
208,Edwina,Trevaskis,36543 Pearson Alley,Seattle,Washington,98185
209,Chandal,Pinare,08 Onsgard Hill,Dallas,Texas,75246
210,Jephthah,Wrathmall,021 Park Meadow Parkway,Dallas,Texas,75353
211,Gabriel,Slimmon,0 Hoepker Junction,Young America,Minnesota,55557
212,Fina,Slyman,94 Summer Ridge Avenue,Albany,New York,12232
213,Jodee,Nare,58309 Mitchell Pass,New York City,New York,10009
214,Gabriell,MacCartney,1 Holmberg Street,Dallas,Texas,75367
215,Hugues,Helversen,840 Calypso Court,Wichita Falls,Texas,76310
216,Bruis,Chubb,500 Hoffman Lane,Crawfordsville,Indiana,47937
217,Timmy,Harrold,68501 Glacier Hill Lane,Houston,Texas,77260
218,Guthrey,Wrintmore,6512 Clarendon Terrace,Trenton,New Jersey,08650
219,Ellwood,Fraczak,797 Nova Place,Rochester,New York,14619
220,Duane,Langlois,2006 Caliangt Trail,Norwalk,Connecticut,06859
221,Matias,Sprionghall,406 Texas Point,Salem,Oregon,97312
222,Wilhelm,Aumerle,325 Dovetail Drive,Aurora,Colorado,80015
223,Vlad,Knellen,41836 Claremont Court,Decatur,Georgia,30089
224,Kassandra,Cowerd,294 Oxford Road,Duluth,Minnesota,55805
225,Chloe,Shoveller,321 Kipling Center,Springfield,Illinois,62718
226,Donni,Landre,50 Linden Lane,Buffalo,New York,14225
227,Barnett,Vassay,406 Sutteridge Drive,Portland,Oregon,97296
228,Kissiah,Shottin,7 Northridge Lane,Newark,New Jersey,07104
229,Kenna,Radwell,3456 Anhalt Court,Columbus,Georgia,31998
230,Nickolas,Mulberry,6775 Rigney Alley,Cincinnati,Ohio,45213
231,Desmond,Dobbings,35 Surrey Street,Simi Valley,California,93094
232,Carly,Bernini,5632 Lake View Place,Austin,Texas,78789
233,Raleigh,Potte,71421 Graedel Drive,Louisville,Kentucky,40280
234,Jaynell,Letty,01 Mesta Road,North Las Vegas,Nevada,89087
235,Stephana,Crown,1 Hagan Drive,Jackson,Tennessee,38308
236,Hagen,Boys,50716 Northport Parkway,Washington,District of Columbia,20205
237,Merilyn,Hayball,58 Brickson Park Place,Flint,Michigan,48555
238,Maximilianus,Hagley,9 Commercial Drive,Houston,Texas,77055
239,Travis,Willbraham,581 Mosinee Lane,Orlando,Florida,32808
240,Noelani,Artrick,27151 Pearson Way,New Orleans,Louisiana,70116
241,Eolande,Lashmore,777 Fremont Way,Tucson,Arizona,85710
242,Sharyl,Surr,340 Elka Junction,Philadelphia,Pennsylvania,19136
243,Archambault,Flode,675 Rockefeller Way,San Bernardino,California,92424
244,Bili,Thomlinson,30542 Hazelcrest Avenue,Toledo,Ohio,43666
245,Nan,Coules,899 Nevada Place,Roanoke,Virginia,24009
246,Ingrid,Cayton,083 Granby Lane,Lincoln,Nebraska,68524
247,Alayne,Batsford,51591 Luster Junction,Southfield,Michigan,48076
248,Burnaby,Bielfelt,4294 Independence Terrace,Ann Arbor,Michigan,48107
249,Angie,Whorall,9662 Carey Parkway,Lexington,Kentucky,40576
250,Cherie,Allchorn,609 Hanson Center,Hyattsville,Maryland,20784
251,Hank,Anscott,5833 Superior Alley,Phoenix,Arizona,85083
252,Dyane,Olphert,6865 Ludington Hill,Springfield,Massachusetts,01129
253,Isidore,Camamill,913 Eagan Way,Miami,Florida,33180
254,Afton,Birt,6976 Ramsey Trail,Saint Petersburg,Florida,33731
255,Sophia,Dearnley,9607 3rd Terrace,Berkeley,California,94705
256,Jarred,Le Guin,99 Warrior Junction,Dallas,Texas,75226
257,Mendie,Banke,43146 Fair Oaks Way,Pittsburgh,Pennsylvania,15220
258,Rosetta,Anney,563 Hansons Circle,Saint Joseph,Missouri,64504
259,Marleen,Grishunin,90 Cascade Point,Tulsa,Oklahoma,74193
260,Jolie,Sells,940 Glacier Hill Plaza,Escondido,California,92030
261,Meier,Tuther,9740 Alpine Park,New York City,New York,10115
262,Lotte,Rudloff,90000 International Crossing,Seattle,Washington,98185
263,Shelba,Phayre,15 Debs Street,Boise,Idaho,83705
264,Reiko,Westmoreland,7 Morrow Circle,Grand Rapids,Michigan,49510
265,Daisy,Stammirs,04606 Springs Hill,Montgomery,Alabama,36119
266,Matt,Mabbs,17 Marcy Drive,Plano,Texas,75074
267,Maureene,Trenbay,3 Judy Parkway,Oklahoma City,Oklahoma,73157
268,Sula,Mannin,35092 Scott Drive,Philadelphia,Pennsylvania,19178
269,Gussi,Golightly,46054 Corscot Plaza,Jamaica,New York,11470
270,Kenny,Drake,03758 Eliot Point,Indianapolis,Indiana,46266
271,Ddene,Boutwell,85 Buena Vista Center,Manchester,New Hampshire,03105
272,Fernando,Prue,4583 Wayridge Parkway,Las Vegas,Nevada,89166
273,Jolynn,Beedon,9271 Dixon Drive,Las Vegas,Nevada,89160
274,Ardis,Woodus,13 Hazelcrest Drive,Bronx,New York,10454
275,Kyla,McLeary,5410 Ridgeway Point,Brooksville,Florida,34605
276,Pam,Jennins,6 Gulseth Alley,New York City,New York,10280
277,Kikelia,Hughes,68 Nobel Street,New Haven,Connecticut,06520
278,Deborah,LeEstut,9 Mariners Cove Road,Fort Worth,Texas,76198
279,Gray,Idiens,20 Derek Parkway,Duluth,Minnesota,55811
280,Avis,Von Der Empten,0720 Pepper Wood Pass,Aurora,Colorado,80044
281,Kelila,Ashfold,0 Bay Point,Dallas,Texas,75231
282,Gleda,Tooke,971 Helena Court,Las Vegas,Nevada,89135
283,Alfy,Kopta,9267 Hudson Pass,New York City,New York,10029
284,Aksel,Luttger,17471 Bunker Hill Place,Knoxville,Tennessee,37919
285,May,Bambridge,1 Everett Road,Lake Charles,Louisiana,70616
286,Farris,Beausang,99390 Truax Place,Oakland,California,94616
287,Sashenka,Skingle,4148 Northridge Court,New Orleans,Louisiana,70160
288,Clarie,Enocksson,9355 Manitowish Way,Phoenix,Arizona,85015
289,Alexandra,Derwin,220 Morning Place,Saint Petersburg,Florida,33742
290,Antonina,Carlton,965 Clarendon Place,Shawnee Mission,Kansas,66276
291,Cross,Brandle,4 Dexter Lane,Wilmington,Delaware,19892
292,Perrine,Sedcole,12 John Wall Circle,Washington,District of Columbia,20231
293,Lisha,Hurche,52 Meadow Vale Drive,Bethesda,Maryland,20816
294,Willy,Dunklee,8462 Reinke Point,Oklahoma City,Oklahoma,73152
295,Jaimie,Kelshaw,08187 Old Shore Crossing,San Diego,California,92127
296,Hallie,Pebworth,0 Thackeray Center,Edmond,Oklahoma,73034
297,Emmery,Baldrick,600 Bellgrove Circle,New Haven,Connecticut,06520
298,Sunny,Bellison,489 Ilene Way,Springfield,Illinois,62776
299,Raul,Pawellek,988 Texas Trail,Buffalo,New York,14215
300,Alicia,Monelli,4110 Novick Park,Peoria,Illinois,61651
301,Godart,Gimson,423 Gina Pass,El Paso,Texas,88519
302,Xenia,Schenfisch,2 Melrose Court,Corona,California,92878
303,Shelby,Scales,783 Dahle Trail,Atlanta,Georgia,30328
304,Fifi,Igo,410 Thierer Street,Roanoke,Virginia,24009
305,Shaine,Mowsley,3 Upham Parkway,Colorado Springs,Colorado,80951
306,Danette,Oman,00 Mccormick Lane,Charlotte,North Carolina,28289
307,Tobye,Cullnean,1862 Lake View Alley,Utica,New York,13505
308,Marcy,Ferres,154 Upham Crossing,Huntsville,Alabama,35810
309,Valerie,Wintringham,03 Barby Lane,Dallas,Texas,75260
310,Gerrie,Petchey,0451 David Pass,Washington,District of Columbia,20310
311,Nadean,Spofforth,90 Brown Avenue,Fargo,North Dakota,58106
312,Cherianne,Solano,23 Aberg Junction,Charlotte,North Carolina,28247
313,Paloma,Ketchen,10 Carpenter Alley,Gary,Indiana,46406
314,Meghan,Duding,2 Talmadge Place,Kansas City,Missouri,64199
315,Leanna,Ingram,6397 Mallory Hill,Ashburn,Virginia,22093
316,Nicolina,Carlo,552 Oxford Circle,Bethesda,Maryland,20892
317,Ulrick,Slaight,571 Morrow Hill,Miami,Florida,33147
318,Roma,Prise,26005 Blaine Drive,San Francisco,California,94169
319,Sigfried,Giovannardi,619 Mesta Plaza,Tulsa,Oklahoma,74156
320,Reine,Witherbed,6 Cottonwood Junction,Orange,California,92668
321,Kial,Dislee,39788 Mandrake Plaza,El Paso,Texas,79955
322,Ryan,Dingley,402 Lighthouse Bay Place,Akron,Ohio,44321
323,Berton,Halliday,59 Bashford Park,Orlando,Florida,32830
324,Parker,Redparth,0 Green Ridge Point,Utica,New York,13505
325,Amelita,Ryves,2 Kensington Drive,New York City,New York,10039
326,Brunhilda,Nuth,1719 Caliangt Drive,Dallas,Texas,75221
327,Gabriello,Baudinet,676 Truax Court,Harrisburg,Pennsylvania,17105
328,Kristos,Morfey,55 Katie Plaza,Hartford,Connecticut,06152
329,Nester,Bartosik,7404 Fuller Hill,Washington,District of Columbia,20508
330,Maisey,Underhill,21 Raven Junction,Honolulu,Hawaii,96820
331,Matty,Smitten,3 Shasta Point,Jamaica,New York,11447
332,Halsey,Fairbrace,51520 Meadow Valley Road,Phoenix,Arizona,85072
333,Riley,Keeble,4794 Fulton Pass,Tampa,Florida,33647
334,Tiffany,Webling,35 Autumn Leaf Circle,Billings,Montana,59105
335,Becka,Blasik,17503 Hanover Crossing,Panama City,Florida,32405
336,Jameson,Dumblton,31563 Petterle Way,Milwaukee,Wisconsin,53210
337,Melodie,Coote,93 Badeau Crossing,Maple Plain,Minnesota,55572
338,Benito,McNiff,9349 Mesta Plaza,Little Rock,Arkansas,72204
339,Hugibert,Bodimeade,86806 Ramsey Plaza,San Antonio,Texas,78220
340,Martha,Victoria,4 Veith Road,Garland,Texas,75044
341,Sibyl,Thorsby,70922 Kim Hill,Kansas City,Missouri,64199
342,Delphinia,Challis,8225 Burning Wood Avenue,New York City,New York,10014
343,Kelli,Antliff,4258 Shasta Place,Saint Paul,Minnesota,55115
344,Cecilia,Austick,13 Lotheville Park,Harrisburg,Pennsylvania,17121
345,Donall,Ord,9390 Donald Point,Rochester,New York,14646
346,Arri,Whaley,3805 Summit Junction,Boise,Idaho,83727
347,Lita,Peever,1710 Namekagon Terrace,Austin,Texas,78769
348,Valma,Tabour,263 Glacier Hill Court,Wichita,Kansas,67230
349,Tammi,Jacqueme,4231 Rusk Avenue,Chicago,Illinois,60657
350,Massimiliano,Zoren,1135 Lakewood Gardens Place,Indianapolis,Indiana,46254
351,Celka,Hintzer,9 Homewood Center,Oklahoma City,Oklahoma,73152
352,Sheppard,Wilman,7474 Dunning Street,Buffalo,New York,14215
353,Eugenius,Edinborough,1 Drewry Street,Tulsa,Oklahoma,74156
354,Nancie,Joysey,33 Meadow Vale Street,Minneapolis,Minnesota,55470
355,Jarvis,Bransdon,6746 Fuller Park,Laurel,Maryland,20709
356,Ilaire,Marjanski,11969 Jay Trail,Warren,Michigan,48092
357,Barton,Peagram,765 Ridgeview Junction,Wilmington,Delaware,19886
358,Simonne,Stobbie,4353 Rusk Drive,Pasadena,California,91117
359,Tallie,Pauli,72878 Pierstorff Center,Canton,Ohio,44705
360,Felizio,Kee,84 Kinsman Crossing,Amarillo,Texas,79159
361,Christiano,Stubbin,30 Columbus Hill,Raleigh,North Carolina,27615
362,Aliza,Heifer,46010 Rowland Point,Arlington,Virginia,22234
363,Mic,Banker,0 Hovde Circle,Portsmouth,New Hampshire,03804
364,Harald,Frackiewicz,17 Maple Terrace,Round Rock,Texas,78682
365,Ruthi,O'Brogane,7213 Hoard Trail,Honolulu,Hawaii,96850
366,Curran,Ollivierre,8 Becker Lane,Harrisburg,Pennsylvania,17121
367,Louise,Firbank,2 Maple Lane,New Orleans,Louisiana,70183
368,Netti,Norheny,155 Manley Court,West Palm Beach,Florida,33416
369,Elwin,Mouncey,2478 Sunnyside Point,Jamaica,New York,11436
370,Hilly,Orchart,6818 Thackeray Drive,Honolulu,Hawaii,96815
371,Kayley,Luney,3084 Gulseth Circle,Saint Petersburg,Florida,33715
372,Gabbie,McGinty,55 Bayside Crossing,Seattle,Washington,98121
373,Jory,Demko,4000 Surrey Lane,Madison,Wisconsin,53790
374,Ava,Dadge,13966 Claremont Terrace,Chandler,Arizona,85246
375,Amalea,Pauletti,63314 Toban Alley,Wichita,Kansas,67220
376,Shalom,Budibent,1874 Sundown Circle,Boulder,Colorado,80310
377,Sharity,Hardman,30748 Spenser Drive,Asheville,North Carolina,28815
378,Keary,Wrangle,2 Mitchell Court,Kingsport,Tennessee,37665
379,Suzie,Caunt,99682 Dottie Trail,Santa Barbara,California,93150
380,Tabbie,Harbottle,2 Talmadge Place,Albany,New York,12262
381,Asia,Morot,329 Pawling Avenue,Gadsden,Alabama,35905
382,Stephine,Vakhonin,847 Service Plaza,Fort Worth,Texas,76110
383,Olimpia,Sunners,6 Dwight Place,Athens,Georgia,30605
384,Karie,Illing,5064 Lakewood Place,Fort Worth,Texas,76178
385,Dickie,Whitely,528 Lukken Street,Columbia,South Carolina,29225
386,Nealy,Duchesne,688 Manley Plaza,Dearborn,Michigan,48126
387,Lalo,Creegan,19433 Hauk Junction,El Paso,Texas,88569
388,Lucias,Eversley,885 Hovde Avenue,Arlington,Virginia,22217
389,Novelia,Peattie,39866 Pepper Wood Crossing,Birmingham,Alabama,35231
390,Renard,Stigers,219 Corben Circle,Rochester,New York,14624
391,Adlai,Telfer,84611 Carioca Street,Farmington,Michigan,48335
392,Palm,Bellord,66 Sommers Circle,Winston Salem,North Carolina,27110
393,Jasper,O'Mahoney,5 Commercial Hill,Newport News,Virginia,23605
394,Rozanne,Kinrade,265 Troy Pass,Columbus,Ohio,43210
395,Tiphany,Blight,0417 Canary Way,Los Angeles,California,90040
396,Ebba,Gajownik,52 Artisan Alley,Fort Lauderdale,Florida,33345
397,Juli,Pearne,955 Warner Terrace,Birmingham,Alabama,35210
398,Sayre,Beckworth,16688 Saint Paul Place,Denver,Colorado,80243
399,Gennifer,Bradlaugh,45396 Carberry Junction,Birmingham,Alabama,35242
400,Pansie,MacGall,38887 Pearson Circle,Seattle,Washington,98121
401,Hube,Sprasen,226 2nd Parkway,Miami,Florida,33245
402,Lionello,Foxten,5233 Village Green Pass,Dayton,Ohio,45490
403,Camila,Waything,0 Havey Center,Savannah,Georgia,31422
404,Kristopher,Argent,9 School Point,El Paso,Texas,79999
405,Michail,Kimbury,2 Thackeray Center,San Diego,California,92105
406,Valentina,Menendes,540 Russell Alley,Springfield,Ohio,45505
407,Bryan,Samweyes,7167 Oakridge Junction,Huntsville,Alabama,35895
408,Darn,Aronsohn,96 Bunting Pass,Philadelphia,Pennsylvania,19141
409,Justin,Brussell,415 Kim Plaza,Anchorage,Alaska,99512
410,Alain,Lugg,03 Moulton Terrace,Tulsa,Oklahoma,74193
411,Kellie,Gaskall,950 Golden Leaf Junction,Ocala,Florida,34479
412,Sheena,Kierans,217 Sommers Parkway,Lincoln,Nebraska,68505
413,Ilse,Izkovitch,6350 Birchwood Trail,Washington,District of Columbia,20530
414,Clare,Aslam,999 Hollow Ridge Court,Lexington,Kentucky,40505
415,Anallise,Ferney,6 Barby Avenue,Charleston,West Virginia,25389
416,Orlando,Cornborough,84299 Dunning Parkway,Austin,Texas,78726
417,Lezley,Guerin,71156 Riverside Avenue,Rochester,New York,14619
418,Rosalyn,Nevison,388 Shasta Point,Anchorage,Alaska,99599
419,Pebrook,Edmondson,8 Vera Road,Spokane,Washington,99252
420,Augustine,Michelin,79646 Katie Pass,Orlando,Florida,32813
421,Walliw,Stockell,7280 Russell Street,Boston,Massachusetts,02163
422,Artur,Franceschi,975 Redwing Parkway,San Rafael,California,94913
423,Moises,Haugen,241 Dottie Way,Dayton,Ohio,45414
424,Blair,Mont,08 Ilene Trail,New York City,New York,10014
425,Bobine,Jevon,42211 Golf Park,Pensacola,Florida,32595
426,Lucila,Pech,02092 Carberry Lane,Albuquerque,New Mexico,87195
427,Jase,Stainfield,0 Petterle Crossing,Raleigh,North Carolina,27626
428,Helaine,Mapson,557 Cordelia Trail,Richmond,Virginia,23225
429,Miles,Rodrig,5 Fairview Court,Omaha,Nebraska,68164
430,Gloriane,Titterton,505 Prairie Rose Alley,Cedar Rapids,Iowa,52405
431,Katie,Lempel,02005 Summer Ridge Court,Tucson,Arizona,85732
432,Tiffanie,Assinder,75349 Canary Alley,Bonita Springs,Florida,34135
433,Amalea,Parken,56 Bashford Street,Richmond,Virginia,23242
434,Francesco,Glader,090 Raven Place,Los Angeles,California,90101
435,Elbert,Hundell,0948 Briar Crest Parkway,Pueblo,Colorado,81015
436,Ferdie,Zoppo,3021 Dryden Trail,Topeka,Kansas,66667
437,Carrissa,Skull,23 Corben Center,Trenton,New Jersey,08650
438,Aube,Adkin,3 Tennyson Park,Baton Rouge,Louisiana,70815
439,Frederich,Vahl,5 Maryland Place,Tacoma,Washington,98442
440,Beverlee,Pendrick,21786 Bellgrove Junction,Trenton,New Jersey,08619
441,Worden,Emes,7 Muir Road,Jeffersonville,Indiana,47134
442,Ranee,Ben,94996 Arapahoe Drive,Fort Myers,Florida,33906
443,Rolland,Orridge,991 Armistice Hill,Los Angeles,California,90050
444,Philippine,Toler,661 Sheridan Lane,Lexington,Kentucky,40596
445,Brendan,Kehoe,9738 Golf View Parkway,Washington,District of Columbia,20436
446,Arni,Flury,324 Walton Way,Atlanta,Georgia,30351
447,Bev,Dufty,56 Maywood Hill,Omaha,Nebraska,68144
448,Deeanne,Massy,255 Drewry Road,Hartford,Connecticut,06120
449,Barton,Hayller,2 Barnett Pass,Savannah,Georgia,31416
450,Newton,Blaszkiewicz,9917 Fairview Road,Jersey City,New Jersey,07310
451,Bear,Collishaw,11 Springview Plaza,Gary,Indiana,46406
452,Marylynne,McHarry,44735 Independence Court,Indianapolis,Indiana,46239
453,Loni,Toulamain,1367 Kingsford Crossing,Inglewood,California,90310
454,Shepard,Meiklem,37936 Columbus Drive,Boston,Massachusetts,02208
455,Ernestus,Pigdon,9 Red Cloud Crossing,Saint Louis,Missouri,63180
456,Cale,Rowlson,3 Shelley Pass,San Bernardino,California,92415
457,Barbee,Ramel,0258 Maywood Trail,Miami,Florida,33153
458,Nanette,Jewsbury,4 Maryland Junction,Norfolk,Virginia,23551
459,Carry,Tasseler,370 Orin Parkway,Waco,Texas,76796
460,Josepha,Ribchester,468 Annamark Hill,Nashville,Tennessee,37215
461,Anselm,Boddymead,47305 Clyde Gallagher Court,Sacramento,California,94207
462,Halette,Jennison,03033 Sullivan Junction,San Francisco,California,94159
463,Guendolen,Groocock,808 Manitowish Place,Stockton,California,95210
464,Berry,Netti,0 Boyd Pass,San Diego,California,92165
465,Jodie,Pledge,97561 Lindbergh Pass,Lexington,Kentucky,40591
466,Gunner,Fitzsymonds,81938 Schmedeman Court,San Francisco,California,94116
467,Sam,Kohler,30068 Mccormick Circle,Dallas,Texas,75387
468,Florette,Brayson,9 Hoffman Drive,Fort Worth,Texas,76110
469,Sargent,Batstone,6434 Sommers Crossing,Fresno,California,93794
470,Ermina,Cammiemile,47 Mallard Pass,Seattle,Washington,98158
471,Emilie,Baden,3 Westend Way,Waco,Texas,76711
472,Goldarina,Hourahan,365 Welch Park,Duluth,Georgia,30195
473,Howey,Bax,761 Delladonna Junction,Orlando,Florida,32819
474,Free,Mattholie,47 Grover Center,Portland,Oregon,97211
475,Hubert,Rubinivitz,873 Cherokee Pass,Lubbock,Texas,79452
476,Lenka,Prahl,776 Glendale Junction,Orlando,Florida,32868
477,Rawley,Gater,49628 Bobwhite Place,Dallas,Texas,75353
478,Johanna,Rossoni,7239 Lake View Lane,Evansville,Indiana,47747
479,Terry,Arnowitz,918 Green Crossing,Washington,District of Columbia,20010
480,Minnie,Youll,132 Jackson Crossing,Cleveland,Ohio,44197
481,Jeff,McClosh,1885 Elka Alley,Largo,Florida,33777
482,Karisa,Solan,3 Moose Circle,Mobile,Alabama,36641
483,Auroora,Fiddy,89 Moose Trail,Boston,Massachusetts,02203
484,Elnar,D' Angelo,8 Welch Circle,Jersey City,New Jersey,07305
485,Nissy,Halm,6714 Portage Pass,Washington,District of Columbia,20508
486,Ottilie,Ianiello,62732 David Way,San Angelo,Texas,76905
487,Eydie,Drescher,8323 Badeau Trail,Denver,Colorado,80270
488,Ly,Joye,82073 Schurz Parkway,Frederick,Maryland,21705
489,Jodie,Ridsdole,24 Graedel Lane,Lakewood,Washington,98498
490,Claresta,Reese,6 Nevada Pass,Chattanooga,Tennessee,37405
491,Carley,Rudolfer,0147 Nobel Point,Meridian,Mississippi,39305
492,Brock,Lantuff,13 Kim Hill,Columbus,Ohio,43204
493,Jeanelle,Boydon,3001 Loeprich Plaza,Salt Lake City,Utah,84125
494,Pablo,Magowan,58 Transport Park,Detroit,Michigan,48275
495,Baily,Atwood,85785 Nancy Plaza,Denver,Colorado,80299
496,Cora,Lombardo,7485 Pierstorff Plaza,Lafayette,Louisiana,70505
497,Dorie,Wittering,82767 Westport Plaza,New Haven,Connecticut,06533
498,Eustace,Tamlett,4 Stang Trail,Arlington,Virginia,22212
499,Dede,Bilborough,3225 Arrowood Road,Birmingham,Alabama,35236
500,Lauree,Joris,02 Lunder Trail,Green Bay,Wisconsin,54305
501,Lutero,Redier,444 Dorton Plaza,Lincoln,Nebraska,68524
502,Wat,Bowser,990 Bonner Junction,Green Bay,Wisconsin,54313
503,Bearnard,Huffadine,2 Continental Alley,Washington,District of Columbia,20503
504,Emlynn,Estevez,45648 Thompson Circle,Denver,Colorado,80255
505,Nettle,Borer,7 Talisman Road,Norfolk,Virginia,23551
506,Enrico,Becerra,03517 Stang Point,Washington,District of Columbia,20575
507,Sheppard,Clandillon,24 Meadow Ridge Avenue,Honolulu,Hawaii,96840
508,Odele,Gribben,483 Shasta Crossing,Wilkes Barre,Pennsylvania,18763
509,Blondy,Lemon,474 American Ash Drive,El Paso,Texas,88525
510,Damita,Garratt,02076 Roxbury Parkway,Anderson,South Carolina,29625
511,Dawna,Bettanay,34685 Valley Edge Trail,New York City,New York,10184
512,Torey,Jendrich,3 Thierer Trail,San Francisco,California,94126
513,Engelbert,Baison,6005 Derek Hill,Richmond,Virginia,23213
514,Melita,Sink,5 Bashford Plaza,Orlando,Florida,32835
515,Pyotr,Blackbrough,06201 Superior Road,Helena,Montana,59623
516,Tailor,Hanscom,2 Buena Vista Avenue,Wichita,Kansas,67230
517,Miriam,Duligall,94 Atwood Junction,Pittsburgh,Pennsylvania,15215
518,Krystal,Torregiani,5 Oxford Plaza,Falls Church,Virginia,22047
519,Petr,Cartmer,07 Mcguire Plaza,Brooklyn,New York,11254
520,Bidget,Allbon,02205 Merrick Hill,Dallas,Texas,75397
521,Nadiya,Schankelborg,84 Randy Circle,Minneapolis,Minnesota,55441
522,Conchita,Grannell,679 Hansons Trail,Brooklyn,New York,11247
523,Perl,Lowy,230 Cordelia Lane,Portland,Oregon,97240
524,Lanie,Martinson,4294 Merchant Center,Topeka,Kansas,66611
525,Dru,Bifield,741 Glendale Street,Springfield,Illinois,62705
526,Schuyler,Esom,10 Bartelt Court,Palo Alto,California,94302
527,Elana,Yeardley,28674 Stephen Place,Odessa,Texas,79769
528,Debora,Lusher,6759 Arrowood Avenue,Springfield,Illinois,62776
529,Consuelo,Malpass,1 Schmedeman Way,Nashville,Tennessee,37205
530,Dallas,Droogan,2 Glacier Hill Terrace,Sarasota,Florida,34238
531,Kerr,Yellowlees,32078 Menomonie Circle,Saginaw,Michigan,48604
532,Barny,Gaiger,0582 Troy Alley,Amarillo,Texas,79118
533,Lianna,Nafziger,27 Thackeray Place,Louisville,Kentucky,40225
534,Darcy,Lafontaine,7 Doe Crossing Way,Billings,Montana,59112
535,Harrie,Fuchs,552 Beilfuss Pass,San Francisco,California,94159
536,Mandie,Honsch,3732 Melody Center,Albany,New York,12247
537,Domingo,Elsie,52615 Fulton Court,Tacoma,Washington,98442
538,Barrie,Fareweather,8 Harper Parkway,Austin,Texas,78726
539,Paquito,Saynor,1007 Mitchell Alley,Palatine,Illinois,60078
540,Oliy,Trunby,24774 Ryan Avenue,Montgomery,Alabama,36134
541,Ermentrude,Daffern,75241 Shelley Circle,Washington,District of Columbia,20337
542,Karlee,Heine,49 Sauthoff Place,New Orleans,Louisiana,70124
543,Lester,Kenset,81296 Nancy Avenue,Houston,Texas,77080
544,Bartholemy,Sallings,68 Summer Ridge Pass,Pasadena,California,91131
545,Jacqueline,Liebrecht,16 Amoth Circle,Orlando,Florida,32813
546,Augy,Pech,9 Shasta Pass,Miami,Florida,33164
547,Georgette,Jerke,5322 Springview Avenue,Grand Rapids,Michigan,49560
548,Dew,Jendrich,4309 Swallow Way,Jersey City,New Jersey,07310
549,Malina,Whitchurch,3 Moulton Avenue,Memphis,Tennessee,38161
550,Nappy,Bonafacino,18852 Steensland Terrace,Lexington,Kentucky,40596
551,Miltie,O'Bradden,01 Corscot Circle,Evansville,Indiana,47712
552,Kai,Lodeke,82 Holmberg Plaza,Vero Beach,Florida,32969
553,Alfi,McIlwrick,44871 Bobwhite Junction,Santa Barbara,California,93106
554,Selene,Henker,74037 Corry Circle,Boulder,Colorado,80305
555,Gaile,Wyllcock,60914 Mosinee Street,Nashville,Tennessee,37250
556,Berkly,Gally,6923 Evergreen Street,Denver,Colorado,80209
557,Fayre,Beggin,5 Bobwhite Pass,Washington,District of Columbia,20599
558,Courtnay,Skeech,03 Hoepker Plaza,West Palm Beach,Florida,33411
559,Xaviera,Ellerby,4 International Junction,Nashville,Tennessee,37205
560,Welbie,Hallgalley,730 Katie Junction,Clearwater,Florida,34629
561,Ricki,Cockarill,6257 Packers Street,Washington,District of Columbia,20392
562,Colly,Amori,25667 Loftsgordon Lane,Memphis,Tennessee,38104
563,Yurik,Corgenvin,3933 Randy Parkway,Fort Wayne,Indiana,46805
564,Heidie,Palister,0 Fairfield Street,Gainesville,Florida,32610
565,Renelle,Borrows,3122 Manufacturers Avenue,Tampa,Florida,33673
566,Noell,Torbet,4 Center Parkway,Norfolk,Virginia,23520
567,Penny,Cowins,0426 Farwell Pass,Santa Clara,California,95054
568,Bartholomeus,Dyott,6 Bay Crossing,El Paso,Texas,79955
569,Candie,Murfett,5035 Eagan Crossing,Orlando,Florida,32854
570,Kristina,Worland,44 Ramsey Plaza,Raleigh,North Carolina,27690
571,Arty,Withringten,91 Judy Avenue,Houston,Texas,77090
572,Linzy,Cicconettii,6 Maryland Trail,Harrisburg,Pennsylvania,17105
573,Wesley,Boak,95 Crescent Oaks Center,San Diego,California,92132
574,Andeee,Harvey,306 Waywood Place,Hicksville,New York,11854
575,Gerri,Pell,590 Karstens Park,Alexandria,Virginia,22309
576,Berky,Lower,702 Twin Pines Way,Orlando,Florida,32885
577,Nikki,Durrans,9182 Bonner Crossing,Dallas,Texas,75231
578,Susanna,Miliffe,3 Pierstorff Way,Macon,Georgia,31205
579,Sinclair,Templman,14145 1st Street,Stamford,Connecticut,06912
580,Althea,Cholomin,3785 Atwood Terrace,Pasadena,California,91117
581,Marysa,McCulley,0908 Banding Junction,Savannah,Georgia,31416
582,Lonnie,Eccersley,30906 Tomscot Pass,New York City,New York,10270
583,Blondell,Shoveller,91906 Sundown Plaza,Los Angeles,California,90087
584,Jaquenette,Seeborne,9 Merchant Park,Fargo,North Dakota,58122
585,Kyle,Valder,145 Drewry Avenue,Irvine,California,92710
586,Leesa,Lansley,7 Ruskin Plaza,Louisville,Kentucky,40205
587,Terry,Whapple,710 Lukken Court,Wilkes Barre,Pennsylvania,18706
588,Melodie,Houndesome,2 Melody Park,Richmond,Virginia,23208
589,Raquela,Laite,75424 Montana Center,Brooklyn,New York,11247
590,Doy,Felce,1684 Acker Park,Huntington,West Virginia,25711
591,Ardisj,Buer,4 Kipling Court,Midland,Texas,79710
592,Sibyl,Trathan,22 Northport Center,Boston,Massachusetts,02216
593,Casper,Bilyard,1 Trailsway Way,Phoenix,Arizona,85067
594,Emmott,Brendel,62 Crest Line Way,Decatur,Illinois,62525
595,Madelena,Denyer,579 Logan Court,Little Rock,Arkansas,72209
596,Lory,Feldheim,98 Graedel Place,Atlanta,Georgia,30386
597,Finley,Grigson,5303 Delaware Plaza,Toledo,Ohio,43605
598,Whitby,Billitteri,52 Goodland Road,Cincinnati,Ohio,45264
599,Aloysia,Gonoude,45110 South Avenue,Jefferson City,Missouri,65110
600,Craig,Jedrych,81105 Stone Corner Crossing,Monroe,Louisiana,71208
601,Shaughn,Dowty,373 Veith Trail,Chico,California,95973
602,Yorker,Henner,77 Portage Road,El Paso,Texas,88569
603,Vasily,Brislawn,7085 Red Cloud Lane,Saint Petersburg,Florida,33715
604,Zora,Piggen,6 Annamark Place,El Paso,Texas,79968
605,Cynthea,Dovidian,53 Melvin Parkway,Asheville,North Carolina,28815
606,Meridith,Ventura,7 Walton Avenue,Omaha,Nebraska,68179
607,Corissa,Mokes,352 Dunning Terrace,Richmond,Virginia,23237
608,Clare,McCreath,44 Debs Road,Boynton Beach,Florida,33436
609,Johna,Pyrke,019 Grim Parkway,Madison,Wisconsin,53790
610,Liv,Todhunter,736 Bluejay Street,Corpus Christi,Texas,78410
611,Liva,Moors,75922 Mallard Terrace,Aurora,Illinois,60505
612,Marge,Radage,5698 Summerview Road,Washington,District of Columbia,20010
613,Wendi,Sawyer,9829 Susan Parkway,Washington,District of Columbia,20210
614,Valery,Klaus,44 Cambridge Drive,Des Moines,Iowa,50320
615,Harley,Costley,5738 Coolidge Terrace,Louisville,Kentucky,40210
616,Doralynne,Messruther,3 Kenwood Terrace,Houston,Texas,77293
617,Clay,Lefwich,40666 Stone Corner Parkway,Stamford,Connecticut,06922
618,Taddeusz,Geindre,79 Veith Drive,Reading,Pennsylvania,19610
619,Timothy,Meininger,73347 6th Center,Paterson,New Jersey,07544
620,Bernice,Capell,14 Dahle Place,Independence,Missouri,64054
621,Norrie,Hiley,2 6th Crossing,Nashville,Tennessee,37228
622,Deanna,Welsh,1 Jay Way,Springfield,Missouri,65898
623,Christalle,Gusney,1 Everett Place,Augusta,Georgia,30911
624,Sarah,Goldstone,210 Bellgrove Court,Alpharetta,Georgia,30022
625,Chariot,Kohrt,854 Cardinal Circle,Chicago,Illinois,60686
626,Millie,Deere,41 Russell Lane,Vero Beach,Florida,32964
627,Lenna,Way,6824 Mifflin Crossing,Hollywood,Florida,33023
628,Ruttger,Braghini,59 American Center,Salt Lake City,Utah,84145
629,Maye,Cocher,806 Surrey Junction,Lynchburg,Virginia,24515
630,Oralia,Merricks,19054 David Place,Camden,New Jersey,08104
631,Riordan,Sleaford,685 Garrison Park,Cincinnati,Ohio,45228
632,Cris,Clark,98 Old Gate Alley,Philadelphia,Pennsylvania,19184
633,Irene,Mc Menamin,1781 Mcbride Point,Rochester,New York,14683
634,Garnet,Orrah,9 Raven Parkway,Lakeland,Florida,33805
635,Nickolas,Pinkney,0823 Milwaukee Circle,Salt Lake City,Utah,84135
636,Ulick,Pydcock,64 Pepper Wood Alley,San Jose,California,95133
637,Darrel,Owttrim,9582 Bunker Hill Lane,Austin,Texas,78749
638,Rollo,Taylour,1534 Sachtjen Road,Pomona,California,91797
639,Chantalle,Bodega,2647 2nd Place,Denver,Colorado,80270
640,Padraic,Niess,5 Forster Pass,Detroit,Michigan,48224
641,Veronica,Pawlyn,4591 Red Cloud Trail,Wichita,Kansas,67220
642,Rahel,Torald,427 Alpine Terrace,Anchorage,Alaska,99507
643,Dodi,Whitmell,0 7th Circle,Springfield,Missouri,65805
644,Patty,Hutchinges,978 Main Circle,Midland,Texas,79705
645,Ricard,Scrivin,198 Colorado Plaza,Columbus,Ohio,43204
646,Charmine,Brocking,70632 Becker Avenue,San Jose,California,95128
647,Corine,Moncey,4 Anthes Drive,Laredo,Texas,78044
648,Tybie,Batterbee,77 Hermina Road,Saint Augustine,Florida,32092
649,Adler,Slaney,641 Northfield Lane,Dayton,Ohio,45414
650,Hakeem,Klass,85 Huxley Street,Stockton,California,95298
651,Bald,Weston,87310 Leroy Alley,Knoxville,Tennessee,37914
652,Haley,Pidgley,93071 High Crossing Junction,New York City,New York,10090
653,Debor,Hymers,36 Scoville Avenue,Grand Rapids,Michigan,49510
654,Glory,Barabich,8 Myrtle Street,Pasadena,California,91125
655,Cari,Brown,480 Erie Road,Hattiesburg,Mississippi,39404
656,Ellary,Portwaine,16961 Debra Street,Fresno,California,93762
657,Allie,Alker,23903 Moose Point,New York City,New York,10203
658,Betta,Wimpey,0917 Grayhawk Plaza,Birmingham,Alabama,35215
659,Dannye,Galsworthy,2358 Dixon Center,Saint Paul,Minnesota,55108
660,Tricia,Indruch,63704 Pennsylvania Avenue,Montgomery,Alabama,36104
661,Starlin,Gaitley,33688 Brentwood Avenue,San Antonio,Texas,78210
662,Ediva,Gotliffe,34 Loomis Place,Charlotte,North Carolina,28278
663,Nanny,Winning,1 Atwood Court,Tacoma,Washington,98411
664,Tadd,Dunklee,58 Golf Course Street,Richmond,Virginia,23225
665,Mortimer,Maidstone,8006 Duke Crossing,Hialeah,Florida,33013
666,Marty,Benard,4787 Harper Hill,Tampa,Florida,33605
667,Marie,Josupeit,10640 Golden Leaf Street,Memphis,Tennessee,38109
668,Peggy,Peachman,6 Artisan Place,Columbia,Missouri,65218
669,Lauralee,Backshell,39107 Crescent Oaks Terrace,Omaha,Nebraska,68144
670,Northrop,Mangeney,50 Buell Lane,Augusta,Georgia,30919
671,Isabeau,Pledge,44 Bonner Parkway,Washington,District of Columbia,20010
672,Shannon,McGing,6998 Thackeray Avenue,Phoenix,Arizona,85083
673,Adriane,Braunthal,2 Farmco Park,Louisville,Kentucky,40287
674,Clair,Widdecombe,712 Hansons Parkway,Gaithersburg,Maryland,20883
675,Tatum,Franzotto,5420 Hanson Point,Houston,Texas,77010
676,Leisha,Bowley,6 Redwing Park,Lakeland,Florida,33811
677,Channa,Cowburn,3574 Victoria Terrace,Boynton Beach,Florida,33436
678,Duke,Hanbury,05060 Center Trail,Kansas City,Missouri,64187
679,Hilario,Standish-Brooks,7 Hoard Court,Savannah,Georgia,31416
680,Sylvan,Stalman,38730 Northland Junction,Saint Paul,Minnesota,55108
681,Ilaire,Dormer,341 Vernon Road,Minneapolis,Minnesota,55402
682,Laure,Purver,46 Truax Circle,Memphis,Tennessee,38188
683,Madlen,Rouby,79 Rowland Trail,San Bernardino,California,92410
684,Aurthur,Domelaw,91165 Golf Course Street,Fort Worth,Texas,76105
685,Toddy,Riguard,83279 Messerschmidt Place,Saint Petersburg,Florida,33710
686,Dal,Gueste,01 Linden Hill,Farmington,Michigan,48335
687,Lindsey,O' Neligan,87 Riverside Alley,Anchorage,Alaska,99522
688,Beverlee,Bevis,3863 Merchant Road,Knoxville,Tennessee,37914
689,Berky,Kerfoot,712 Warner Court,Shreveport,Louisiana,71105
690,Ellen,MacKonochie,55 Logan Place,Madison,Wisconsin,53716
691,Fidelia,Iiannoni,009 Lindbergh Terrace,Chicago,Illinois,60681
692,Val,Arnet,3317 Lighthouse Bay Drive,North Hollywood,California,91616
693,Jessee,Lifton,7932 Harbort Road,Kalamazoo,Michigan,49006
694,Merrick,Evason,79 Goodland Terrace,Springfield,Ohio,45505
695,Trent,Pierrepont,24 Muir Hill,Dayton,Ohio,45419
696,Carri,Caulkett,24493 West Park,Portland,Oregon,97229
697,Marcy,Geratt,3 Hovde Pass,Moreno Valley,California,92555
698,Alikee,Tolley,0 Redwing Way,Dallas,Texas,75216
699,Nevil,Pooly,4 Clarendon Park,Houston,Texas,77085
700,Catrina,Keaveney,415 Stephen Place,Odessa,Texas,79769
701,Ainslie,Comben,37245 Garrison Street,Omaha,Nebraska,68197
702,Lea,McCloud,729 Pond Junction,Simi Valley,California,93094
703,Jeanne,Popplewell,0 Cherokee Street,Boston,Massachusetts,02283
704,Pauline,Adamoli,23364 Glendale Junction,El Paso,Texas,79950
705,Jermaine,Mongan,66 Shelley Center,Troy,Michigan,48098
706,Hendrick,Linebarger,869 Lerdahl Terrace,Lehigh Acres,Florida,33972
707,Enoch,Hancill,95 Waywood Circle,Orlando,Florida,32803
708,Quincy,Fautly,90146 Burning Wood Point,Sacramento,California,94237
709,Jacquelyn,Adamski,9922 Gateway Park,San Antonio,Texas,78250
710,Una,Alastair,92987 Sachs Plaza,Los Angeles,California,90030
711,Cinnamon,Misk,4664 Monument Place,Washington,District of Columbia,20231
712,Christel,Wolland,03246 Sloan Avenue,Houston,Texas,77271
713,Anne,Dumigan,7643 Rusk Plaza,Cincinnati,Ohio,45243
714,Marlowe,Plampin,1381 Killdeer Place,Washington,District of Columbia,20319
715,Wilden,Stoltz,48957 Vernon Place,Pensacola,Florida,32575
716,Nadiya,Ockenden,20080 Grasskamp Terrace,Detroit,Michigan,48206
717,Dehlia,Methringham,391 New Castle Place,Saint Louis,Missouri,63136
718,Kris,Tyzack,8 Victoria Circle,Shawnee Mission,Kansas,66205
719,Tully,Colman,60799 Sherman Street,Little Rock,Arkansas,72215
720,Jocelyn,Mayho,8 Gina Circle,Lancaster,Pennsylvania,17622
721,Anna-diana,Whorlow,614 Northland Junction,Anniston,Alabama,36205
722,Judi,Joiris,1 Prairieview Pass,Louisville,Kentucky,40287
723,Trenna,Trotman,356 Twin Pines Alley,Lexington,Kentucky,40505
724,Tabor,Fulbrook,27 Meadow Ridge Terrace,Sacramento,California,94207
725,Javier,Furneaux,77 Grim Terrace,Largo,Florida,33777
726,Wynn,Clever,80302 Meadow Valley Hill,Saint Paul,Minnesota,55103
727,Joellen,Hinnerk,04 Elgar Court,Milwaukee,Wisconsin,53205
728,Melita,Hambly,8 Bay Court,Houston,Texas,77075
729,Sabina,Gay,512 Reindahl Alley,Dallas,Texas,75260
730,Burl,Waggatt,115 Granby Plaza,Jersey City,New Jersey,07310
731,Skipp,Ronisch,48518 Prairieview Circle,Nashville,Tennessee,37228
732,Allard,Shimuk,285 Sugar Center,Anderson,Indiana,46015
733,Les,Slinger,49219 Del Sol Road,Philadelphia,Pennsylvania,19131
734,Parnell,Glackin,9 Waxwing Point,Winston Salem,North Carolina,27157
735,Zorina,Hawarden,6 Crowley Place,Wichita,Kansas,67230
736,Johannes,Helmke,5 Springview Way,Louisville,Kentucky,40215
737,Hakeem,Rapport,3576 Blue Bill Park Way,Knoxville,Tennessee,37914
738,Marlon,Lighton,91 Lillian Street,Indianapolis,Indiana,46254
739,Danell,Koubek,75 Petterle Road,Reno,Nevada,89505
740,Libbie,Perrie,970 Mayer Lane,Kansas City,Missouri,64114
741,Else,Cunningham,74 Hermina Way,Homestead,Florida,33034
742,Corina,Linnane,75 Maywood Park,Miami,Florida,33142
743,Myrah,Aronowitz,049 Westridge Crossing,Tyler,Texas,75705
744,Appolonia,Maud,19708 Katie Terrace,Berkeley,California,94705
745,Claire,Hedworth,550 Redwing Terrace,Flushing,New York,11355
746,Richie,Gadault,0 Ludington Road,Newport News,Virginia,23605
747,Marlo,Stormes,76 Almo Hill,Indianapolis,Indiana,46278
748,Geralda,Valadez,3 Upham Lane,South Bend,Indiana,46614
749,Kara,Brabben,137 Service Trail,Lexington,Kentucky,40576
750,Husain,Marson,51 5th Center,North Las Vegas,Nevada,89036
751,Cynthie,Persich,64 Stang Point,New Haven,Connecticut,06510
752,Kelly,Hamprecht,3 Monica Plaza,Tampa,Florida,33625
753,Gilberto,Ough,71 Express Point,Richmond,Virginia,23260
754,Xylina,Ghirigori,4 Sunfield Terrace,Lexington,Kentucky,40505
755,Daniela,Bentje,38821 Randy Circle,Detroit,Michigan,48242
756,Isa,Patershall,31 Haas Avenue,Boulder,Colorado,80310
757,Ariella,Scholer,69 Fairfield Junction,Charlotte,North Carolina,28247
758,Crystie,Sterke,9976 Dottie Terrace,Saint Louis,Missouri,63110
759,Whitney,Dronsfield,40455 Pine View Plaza,Irving,Texas,75037
760,Petronella,Eliyahu,64831 Old Shore Street,Little Rock,Arkansas,72209
761,Aurthur,Gisburn,2 Garrison Avenue,San Francisco,California,94126
762,Lib,Stagg,08 Mandrake Road,Allentown,Pennsylvania,18105
763,Kaylyn,Laden,957 Melby Pass,Los Angeles,California,90094
764,Celestia,Setchfield,0 Sunfield Street,Englewood,Colorado,80150
765,Shermie,Ogbourne,26456 Fuller Park,Orlando,Florida,32819
766,Jerri,Yarr,24 Hudson Center,San Jose,California,95194
767,Ailsun,Esherwood,9050 Shopko Drive,Mountain View,California,94042
768,Wally,Broadfoot,694 2nd Plaza,Alexandria,Louisiana,71307
769,Mick,Cuff,52 Annamark Junction,Lubbock,Texas,79491
770,Daveta,Cove,2495 Old Shore Alley,Orange,California,92867
771,Una,Gillett,0 Dawn Lane,South Lake Tahoe,California,96154
772,Albina,Phettis,4 Elka Road,Peoria,Illinois,61635
773,Sophie,Derry,36363 Anniversary Circle,Omaha,Nebraska,68134
774,Dalt,Van Brug,1 Tennyson Plaza,Davenport,Iowa,52809
775,Lanni,Sievewright,8 Westend Drive,Toledo,Ohio,43615
776,Reinhold,Hackley,0 Elka Alley,Northridge,California,91328
777,Drusi,Swigger,07 Crescent Oaks Terrace,Portland,Oregon,97229
778,Bald,Carine,33 Clyde Gallagher Center,San Jose,California,95160
779,Micheal,Baytrop,35 Towne Drive,Saint Louis,Missouri,63131
780,Greta,Descroix,0655 7th Point,El Paso,Texas,79994
781,Goldie,Blaisdale,4 Harbort Road,Denver,Colorado,80249
782,Ade,Pantecost,93742 Mccormick Terrace,Columbia,Missouri,65218
783,Lucille,Ollerenshaw,63 Luster Crossing,Boise,Idaho,83711
784,Dreddy,Primarolo,3 Green Ridge Center,Tallahassee,Florida,32399
785,Teri,Hounihan,68 Moulton Trail,Athens,Georgia,30605
786,Cynthy,Klimus,64514 Delaware Parkway,Lima,Ohio,45807
787,Corabelle,Yandle,9627 Melody Parkway,Erie,Pennsylvania,16505
788,Gasparo,Denis,75111 Heath Parkway,Bakersfield,California,93381
789,Roseann,Jolley,7836 Erie Avenue,El Paso,Texas,79968
790,Dael,Negri,11069 Maywood Avenue,Corpus Christi,Texas,78426
791,Corrinne,Caraher,179 Beilfuss Court,San Antonio,Texas,78210
792,Merrill,Mullany,54765 Mandrake Avenue,Carlsbad,California,92013
793,Adriana,Otley,0 Sloan Junction,Peoria,Arizona,85383
794,Gonzalo,Hankins,9 Boyd Center,Silver Spring,Maryland,20918
795,Leslie,Patria,11 Commercial Crossing,Saint Joseph,Missouri,64504
796,Amory,Maharey,28 La Follette Point,Lees Summit,Missouri,64082
797,Kyla,MacAree,57898 Dixon Drive,Colorado Springs,Colorado,80951
798,Amy,Gemlbett,460 Melvin Street,Wilmington,North Carolina,28405
799,Kasey,Falvey,40252 Banding Crossing,Young America,Minnesota,55557
800,Zacharia,Corsor,9 Loeprich Road,North Hollywood,California,91616
801,Kristian,Terlinden,663 Carberry Way,Scranton,Pennsylvania,18505
802,Emlyn,Nano,78 Transport Lane,Chicago,Illinois,60691
803,Bambi,Trice,194 Milwaukee Street,Saint Louis,Missouri,63143
804,Archibaldo,Geraghty,06 Mifflin Point,Louisville,Kentucky,40293
805,Maurice,Ellse,70 Fuller Center,Bronx,New York,10474
806,Frasco,Guise,58941 Rutledge Street,Sioux Falls,South Dakota,57105
807,Nonie,Jeram,1 Delladonna Drive,Richmond,Virginia,23285
808,Stavros,Lassetter,63 Golden Leaf Pass,Indianapolis,Indiana,46295
809,Puff,Kimblen,885 Cardinal Place,Lake Worth,Florida,33467
810,Tracie,Harragin,35378 West Terrace,Saint Petersburg,Florida,33705
811,Burke,Overthrow,5 Bunker Hill Circle,Punta Gorda,Florida,33982
812,Johnathon,Deevey,702 Ridge Oak Hill,Fort Worth,Texas,76147
813,Ambrosi,Clyant,721 Sherman Way,Buffalo,New York,14205
814,Cal,Ortell,033 Prairie Rose Center,Jamaica,New York,11407
815,Hirsch,Cartwright,362 Brown Junction,Atlanta,Georgia,31196
816,Derek,De Witt,0819 Cordelia Parkway,Washington,District of Columbia,56944
817,Huntington,Oxtiby,18473 Sutherland Alley,Canton,Ohio,44710
818,Devonna,Tummasutti,5319 High Crossing Hill,Washington,District of Columbia,20420
819,Evy,Southgate,7871 Summerview Crossing,Santa Fe,New Mexico,87592
820,Wilmer,Cater,62576 Center Court,Syracuse,New York,13224
821,Clayborn,Antham,17181 Sloan Road,Trenton,New Jersey,08603
822,Chloette,Sharman,04 Karstens Avenue,Washington,District of Columbia,20205
823,Clayborne,Buney,7062 Eggendart Point,Fort Worth,Texas,76178
824,Emmey,Duckett,20 Forest Dale Lane,Seattle,Washington,98104
825,Beale,Hampshaw,91 Prairie Rose Place,Pueblo,Colorado,81010
826,Broderick,Widdall,950 Darwin Center,Birmingham,Alabama,35285
827,Othilie,Lamberto,4299 Arrowood Avenue,Phoenix,Arizona,85030
828,Hashim,Gaskall,3 Johnson Junction,Oklahoma City,Oklahoma,73179
829,Janina,Malbon,7910 Express Lane,Washington,District of Columbia,20010
830,Pearl,Wiburn,51 Larry Street,Arlington,Virginia,22225
831,Brooks,Aphale,059 Parkside Point,Raleigh,North Carolina,27605
832,Raquel,Varnam,5 Manitowish Point,Albuquerque,New Mexico,87115
833,Codee,Dudeney,75 Wayridge Crossing,Midland,Michigan,48670
834,Kaiser,Ventum,59 Eggendart Avenue,Colorado Springs,Colorado,80995
835,Hillier,Mapledoore,3132 Utah Plaza,Garden Grove,California,92844
836,Bettine,McCullen,6 Stoughton Junction,Shawnee Mission,Kansas,66286
837,Trudy,Stansall,84669 Dakota Court,Nashville,Tennessee,37210
838,Gustav,Meakes,416 Summer Ridge Crossing,Phoenix,Arizona,85015
839,Ernest,Brownlee,6136 Parkside Plaza,Louisville,Kentucky,40233
840,Florida,Montez,827 Lukken Court,Largo,Florida,33777
841,Jakie,Flux,60 Sycamore Street,Hartford,Connecticut,06105
842,Wang,Bruno,1 Mcbride Road,Boca Raton,Florida,33487
843,Jacqui,Iashvili,30555 Thackeray Parkway,Houston,Texas,77212
844,Hailey,Rolingson,07462 Calypso Hill,Columbus,Ohio,43268
845,Ronalda,Capper,0 Esker Avenue,Austin,Texas,78744
846,Aldus,Eastcourt,1608 Tomscot Park,El Paso,Texas,79934
847,Crin,Maitland,8 Graceland Crossing,Charleston,West Virginia,25362
848,Beatrice,Wilcot,1080 Lake View Hill,Atlanta,Georgia,30368
849,Leighton,Plumm,72 Glacier Hill Circle,San Jose,California,95133
850,Napoleon,Ruggiero,8 Linden Place,Colorado Springs,Colorado,80925
851,Letta,Billison,9979 Kenwood Pass,Cincinnati,Ohio,45223
852,Emmet,Reynault,33166 Vermont Trail,Philadelphia,Pennsylvania,19141
853,Holly,Plumbridge,8 Armistice Avenue,San Antonio,Texas,78205
854,Ashton,Inott,7 Toban Terrace,Naples,Florida,34114
855,Elisha,de la Valette Parisot,7 Loeprich Alley,Glendale,California,91205
856,Homere,Maudsley,132 Fulton Road,Boston,Massachusetts,02104
857,Lenka,Theodoris,10 Lindbergh Trail,Philadelphia,Pennsylvania,19178
858,Wilhelmina,Lewtey,73638 Kings Pass,Clearwater,Florida,33758
859,Mora,Rampage,4027 Kropf Drive,Missoula,Montana,59806
860,Joseito,Joe,603 Delladonna Trail,Houston,Texas,77293
861,Bank,Bemrose,44416 Towne Point,Jackson,Mississippi,39204
862,Larisa,Treverton,16 Lakewood Point,Richmond,Virginia,23228
863,Melisa,Bril,66 Blue Bill Park Terrace,El Paso,Texas,88579
864,Jaynell,Cowx,54645 Truax Center,San Jose,California,95113
865,Stormy,Tschierasche,604 Rusk Junction,Akron,Ohio,44321
866,Hedvige,Pottiphar,766 Calypso Lane,Sacramento,California,95894
867,Natty,Cattow,089 Clyde Gallagher Hill,Kansas City,Missouri,64179
868,Kessia,Selley,657 Sheridan Avenue,Fairfield,Connecticut,06825
869,Demott,Geill,2926 Lunder Crossing,Indianapolis,Indiana,46226
870,Eugene,Dagwell,17184 La Follette Trail,Louisville,Kentucky,40287
871,Olenolin,Give,3162 Village Point,Newport News,Virginia,23612
872,Jacquie,Bonhome,046 Elmside Point,Huntington,West Virginia,25726
873,Ninette,Erley,9 Waxwing Avenue,Kansas City,Kansas,66112
874,Loren,Royden,6328 Butternut Drive,Springfield,Massachusetts,01152
875,Deana,O'Kinedy,69 Mesta Point,Mountain View,California,94042
876,Demetra,Barracks,51338 Service Trail,Albany,New York,12255
877,Jared,Lerwill,9583 Vahlen Park,San Jose,California,95160
878,Antonetta,MacDearmaid,77843 Buell Plaza,Silver Spring,Maryland,20918
879,Darbie,Simioni,266 Clyde Gallagher Road,Pensacola,Florida,32520
880,Hugo,Wyley,8 Annamark Avenue,Philadelphia,Pennsylvania,19184
881,Nahum,Barcroft,94006 Mosinee Junction,Fullerton,California,92835
882,Bayard,Lepere,0 Lillian Hill,Huntsville,Alabama,35810
883,Lorne,Shiliton,10 8th Park,Denver,Colorado,80235
884,Maritsa,Lauchlan,46 Kennedy Terrace,El Paso,Texas,88546
885,Abba,Barizeret,434 Monica Court,Vancouver,Washington,98687
886,Rollo,Sanpere,130 Del Mar Junction,Memphis,Tennessee,38143
887,Hartwell,Srutton,590 Surrey Court,Sacramento,California,95828
888,Morganica,Lippard,52 Macpherson Lane,Columbus,Georgia,31998
889,Thomas,Schwanden,08142 Eastlawn Point,Charleston,South Carolina,29411
890,Deborah,Fere,53 Marcy Circle,New York City,New York,10099
891,Sybila,Fooks,6154 Vera Center,Columbus,Ohio,43240
892,Jaye,Collar,19 Gina Avenue,Virginia Beach,Virginia,23459
893,Kinnie,Tippett,324 Erie Terrace,Portland,Oregon,97255
894,Alix,Rodders,8 Carey Trail,Punta Gorda,Florida,33982
895,Liva,Phifer,7 Little Fleur Junction,Las Vegas,Nevada,89115
896,Kissiah,Lapslie,8 Onsgard Street,Columbus,Ohio,43231
897,Kent,Yakushkev,630 Milwaukee Pass,Macon,Georgia,31296
898,Bethany,Worner,85550 Shopko Place,Albuquerque,New Mexico,87180
899,Chelsae,Pettit,40 High Crossing Drive,Rochester,New York,14604
900,Wilburt,Grayston,94 Moulton Street,Lincoln,Nebraska,68505
901,Elisa,Gaveltone,90 6th Point,Toledo,Ohio,43615
902,Rhea,Bashford,4473 Quincy Avenue,New York City,New York,10203
903,Philis,Lusher,9474 Glendale Point,Humble,Texas,77346
904,Odella,Hamfleet,4742 Vernon Lane,Minneapolis,Minnesota,55412
905,Burke,Joynson,6 Independence Point,Austin,Texas,78754
906,Emmye,Robertz,33361 Ruskin Junction,Elizabeth,New Jersey,07208
907,Cathy,Ferrer,596 Debs Plaza,Brooklyn,New York,11220
908,Barry,Collumbell,22923 International Alley,Long Beach,California,90847
909,Margret,Bastiman,16644 Springview Circle,Brooklyn,New York,11210
910,Maritsa,Blais,44401 Erie Junction,Corpus Christi,Texas,78405
911,Lulu,Heardman,0 Farmco Center,Tampa,Florida,33633
912,Bailey,Espino,6289 Division Place,White Plains,New York,10606
913,Rosy,Wilber,65877 Burning Wood Pass,Mesquite,Texas,75185
914,Elsi,Nemchinov,332 Service Parkway,Evansville,Indiana,47732
915,Fair,MacAloren,735 Coleman Place,Indianapolis,Indiana,46207
916,Gerri,Wrightham,572 Longview Center,Odessa,Texas,79764
917,Charles,Szanto,5 Hayes Hill,Paterson,New Jersey,07522
918,Ruth,Everil,435 Talmadge Alley,Des Moines,Iowa,50369
919,Nathanil,Stiant,9 Express Trail,Lubbock,Texas,79452
920,John,Hane,19255 Spaight Alley,Madison,Wisconsin,53710
921,Karlis,Daly,9 Namekagon Alley,Cincinnati,Ohio,45208
922,Sly,Celier,10 Sage Lane,Wichita Falls,Texas,76305
923,Milena,Hallgath,715 Fordem Center,Syracuse,New York,13205
924,Nelson,Rummer,76 Mallory Junction,Amarillo,Texas,79182
925,Elliott,Hadleigh,8 Annamark Point,Birmingham,Alabama,35225
926,Genevieve,Hounson,282 Sutteridge Street,Elmira,New York,14905
927,Kennan,O'Doghesty,5 Menomonie Crossing,Miami Beach,Florida,33141
928,Roberto,Sharpling,75 Utah Place,Van Nuys,California,91406
929,Erik,Meffan,2 Hazelcrest Road,Louisville,Kentucky,40287
930,Timotheus,Hardman,24677 Fallview Park,Columbus,Ohio,43231
931,Janis,Kenson,183 Bowman Road,Shreveport,Louisiana,71105
932,Emyle,O'Doireidh,022 Merrick Avenue,Orange,California,92862
933,Alvina,Heinssen,86006 Randy Alley,San Antonio,Texas,78205
934,Merwin,Lamonby,5 Pearson Way,Saint Paul,Minnesota,55146
935,Jerrilee,Woodyeare,32558 Raven Road,Pittsburgh,Pennsylvania,15220
936,Collie,Dunklee,4116 Carberry Road,Jacksonville,Florida,32230
937,Viva,Willgress,41 Debs Parkway,Los Angeles,California,90189
938,Rudyard,Plessing,66957 Troy Junction,Lexington,Kentucky,40586
939,Brandy,Absolem,05 Dunning Circle,Wichita,Kansas,67260
940,Harmon,Meagh,43968 Anderson Plaza,Englewood,Colorado,80150
941,Wallace,Oke,4 Lakewood Place,San Diego,California,92121
942,Carolus,Pernell,72 Waubesa Point,Roanoke,Virginia,24024
943,Gwenette,Strivens,9 Express Court,Idaho Falls,Idaho,83405
944,Lorettalorna,Risson,8 Prairieview Pass,Charleston,West Virginia,25389
945,Sigfrid,Littlefair,384 Canary Crossing,Lawrenceville,Georgia,30245
946,Laurella,MacFarlane,16984 Emmet Terrace,Palo Alto,California,94302
947,Cammie,Gentiry,24420 Riverside Drive,Miami,Florida,33142
948,Erinna,Caddan,7 Butterfield Drive,Atlanta,Georgia,30375
949,Flo,Obin,7 Jenifer Road,Longview,Texas,75605
950,Aguie,Gravy,095 Forster Plaza,Clearwater,Florida,34620
951,Trevar,Furmston,29 Dryden Lane,Dayton,Ohio,45490
952,Claresta,Tille,1491 Transport Junction,Springfield,Missouri,65898
953,Kirby,Finnick,609 Oneill Junction,Meridian,Mississippi,39305
954,Fraze,Hindge,6988 Melody Lane,Albany,New York,12255
955,Bessy,Widdowson,36 Ohio Way,Washington,District of Columbia,20551
956,Rhett,Bromehead,23449 Tennyson Trail,Memphis,Tennessee,38114
957,Putnem,Giraudoux,0 Gateway Circle,Fort Wayne,Indiana,46805
958,Benedetto,Waslin,16 Bartelt Avenue,Cincinnati,Ohio,45264
959,Anna-diana,Nudds,8 Hanover Parkway,Aurora,Illinois,60505
960,Liesa,Ricks,37130 Bluejay Way,Louisville,Kentucky,40205
961,Giana,Janney,953 Bellgrove Alley,North Hollywood,California,91616
962,Brigham,Simpkins,7 1st Place,Minneapolis,Minnesota,55480
963,Goldia,Shorto,93 Walton Terrace,Long Beach,California,90805
964,Winnifred,Gascoine,7549 Kennedy Trail,Des Moines,Iowa,50335
965,Alberik,Maile,30 Di Loreto Court,Boise,Idaho,83727
966,Obie,Whitwell,76203 Sachs Court,Charlotte,North Carolina,28278
967,Emelia,Kemp,61720 Fordem Junction,New York City,New York,10165
968,Kristine,McDermid,1857 Sachs Road,Austin,Texas,78749
969,Aldis,Cuberley,49236 Esch Court,Hattiesburg,Mississippi,39404
970,Kristen,Boundley,74477 Sauthoff Hill,Kent,Washington,98042
971,Riordan,Witheridge,6695 Chinook Court,Miami,Florida,33164
972,Aile,Matussow,49832 Shasta Point,Salt Lake City,Utah,84152
973,Lay,Batter,2 Rieder Court,Detroit,Michigan,48217
974,Ingeborg,Walters,9 Sutherland Court,Seattle,Washington,98109
975,Beryl,Arber,84824 Gina Parkway,Winston Salem,North Carolina,27116
976,Kristos,Witchell,84364 Kenwood Plaza,North Hollywood,California,91606
977,Ax,Galier,5 Fisk Avenue,Tallahassee,Florida,32304
978,Heddi,Featonby,91017 Eastlawn Point,Evansville,Indiana,47732
979,Dalis,Gauge,83765 Elgar Drive,Pittsburgh,Pennsylvania,15266
980,Marc,Hardaker,7 Macpherson Way,Jacksonville,Florida,32225
981,Alleyn,Halvorsen,30790 Montana Plaza,Durham,North Carolina,27705
982,Alfi,Vedeniktov,744 Chinook Center,Denton,Texas,76205
983,Warner,Peasee,3 Luster Point,Provo,Utah,84605
984,Britt,Whitlaw,165 Morning Center,Montgomery,Alabama,36109
985,Nigel,Lorriman,391 Coolidge Place,Pensacola,Florida,32595
986,Keeley,Farlow,76 Grim Park,Nashville,Tennessee,37245
987,Emma,Mundie,08 Arapahoe Avenue,Colorado Springs,Colorado,80951
988,Derick,Truggian,01838 Lukken Pass,Richmond,California,94807
989,Rachel,Flitcroft,908 Buena Vista Way,Little Rock,Arkansas,72222
990,Wye,Daveley,33340 Bellgrove Trail,Frankfort,Kentucky,40618
991,Robinetta,Breawood,03285 Aberg Road,Pocatello,Idaho,83206
992,Minerva,Standering,392 Butternut Road,Sacramento,California,95828
993,Laney,Wishart,69 Claremont Avenue,Fairfax,Virginia,22036
994,Mitch,Fairest,5 Monterey Parkway,Chicago,Illinois,60657
995,Shauna,Fick,433 Lighthouse Bay Plaza,Des Moines,Iowa,50335
996,Randi,Norkutt,5 Iowa Road,Washington,District of Columbia,20551
997,Verine,Bambra,0578 Sugar Crossing,Honolulu,Hawaii,96835
998,Nadeen,Mathivet,1875 Northport Way,Rockford,Illinois,61110
999,Ralf,Loughan,2483 Buena Vista Plaza,Topeka,Kansas,66629
1000,Larine,Wadham,7767 Morning Pass,Spartanburg,South Carolina,29319
